time,CH1,CH2,CH3,CH4,CH5,CH6,CH7,CH8
1764574146.397,-1.711094856262207,1.543246865272522,-0.9361110925674438,1.268476963043213,-3.5553057193756104,2.1453371047973633,0.2900189459323883,-2.128519296646118
1764574146.401,4.650732040405273,1.5920416116714478,4.072897434234619,3.130096673965454,-1.5159395933151245,1.83722722530365,-0.1088065505027771,-2.6464617252349854
1764574146.405,7.666146278381348,6.111801624298096,-0.11375503987073898,7.560264587402344,0.6527168154716492,2.6465203762054443,1.8573760986328125,-0.9021889567375183
1764574146.409,8.450716018676758,6.777331829071045,8.42044734954834,9.867694854736328,3.1108944416046143,3.4924213886260986,-2.337747812271118,-0.9732479453086853
1764574146.413,8.641196250915527,8.02349853515625,9.242149353027344,12.198125839233398,-0.23161718249320984,-0.3335990309715271,3.8596272468566895,-0.49719932675361633
1764574146.417,6.330921649932861,9.634440422058105,11.90911865234375,8.23639965057373,1.6538883447647095,-3.065779447555542,-0.16476890444755554,-1.9466664791107178
1764574146.421,9.393270492553711,11.310007095336914,10.868009567260742,9.40043830871582,-2.2844672203063965,1.2714825868606567,0.4468905031681061,0.1295442283153534
1764574146.425,9.100444793701172,8.878807067871094,7.1424384117126465,11.663347244262695,-0.8914980292320251,-3.1185569763183594,-0.025825295597314835,-0.3639237582683563
1764574146.429,10.617685317993164,9.520302772521973,10.361599922180176,10.453189849853516,1.6862423419952393,2.24859881401062,-0.05276880040764809,-0.13821573555469513
1764574146.433,6.269744873046875,5.293124675750732,7.72597074508667,7.190547466278076,-3.018357992172241,1.9527326822280884,-1.120718002319336,0.22038081288337708
1764574146.444,8.488936424255371,9.457698822021484,9.16342544555664,9.039351463317871,3.134463310241699,-1.3221226930618286,-1.2342400550842285,1.1778079271316528
1764574146.448,4.493485450744629,8.457371711730957,5.9985527992248535,7.0806989669799805,-1.0292929410934448,3.2695839405059814,0.6647303104400635,-2.379659414291382
1764574146.452,4.441463947296143,3.8984313011169434,7.737635135650635,-0.562449038028717,-1.4553583860397339,-1.2045953273773193,2.693068027496338,4.565752983093262
1764574146.456,3.69380784034729,0.6336912512779236,1.0692516565322876,5.677835464477539,-1.5661256313323975,-0.037434905767440796,1.1819915771484375,-2.6270604133605957
1764574146.460,-1.3950382471084595,-1.9208567142486572,0.19639168679714203,2.634075403213501,-0.09680800884962082,-2.231886863708496,3.276165008544922,0.8824230432510376
1764574146.464,-4.985382556915283,-3.1253318786621094,-0.8294985890388489,-3.361341714859009,-2.9061388969421387,-1.4824532270431519,3.6581737995147705,1.8779692649841309
1764574146.468,-4.088334560394287,-4.4893059730529785,-1.0570634603500366,-3.3936080932617188,-0.8982881903648376,2.6439638137817383,3.8965539932250977,-5.268073081970215
1764574146.472,-7.258216857910156,-6.661832332611084,-12.129036903381348,-5.158742904663086,0.642603874206543,-1.0769684314727783,0.859279453754425,-0.26811692118644714
1764574146.476,-8.235038757324219,-9.36746883392334,-6.588702201843262,-9.030060768127441,1.2666387557983398,2.415411949157715,0.0984828993678093,3.2741315364837646
1764574146.480,-12.501198768615723,-10.613566398620605,-11.059419631958008,-7.862797260284424,0.2315331995487213,3.7994489669799805,0.8222267627716064,4.4434590339660645
1764574146.492,-10.44046401977539,-7.920190334320068,-13.445517539978027,-11.22346019744873,-0.7179890275001526,-2.9074971675872803,-0.49388113617897034,0.6589067578315735
1764574146.496,-13.967809677124023,-10.290669441223145,-10.673920631408691,-6.784449100494385,-2.920010805130005,3.1652371883392334,2.0016448497772217,-2.8339197635650635
1764574146.500,-9.594053268432617,-11.009759902954102,-11.161471366882324,-13.368501663208008,1.0806078910827637,0.13061344623565674,4.226211071014404,-2.0794425010681152
1764574146.504,-10.23188591003418,-8.002317428588867,-6.052156448364258,-8.263373374938965,-2.8574934005737305,-1.8314990997314453,-1.9067422151565552,-1.3099371194839478
1764574146.508,-7.080420017242432,-6.909255027770996,-4.830098628997803,-5.368264198303223,-0.2745596468448639,-2.617424726486206,-0.8800346851348877,2.2118234634399414
1764574146.512,-3.199432849884033,-3.6299796104431152,-5.641401290893555,-2.1336746215820312,0.5559688210487366,1.2694504261016846,1.6514356136322021,-2.768080472946167
1764574146.516,1.1245630979537964,-0.32624006271362305,-4.197229862213135,-3.9734625816345215,-0.12677152454853058,0.18837374448776245,0.3119959235191345,0.09124019742012024
1764574146.520,-0.1939319223165512,1.814984679222107,1.38882577419281,0.7546242475509644,-0.008087044581770897,2.9124605655670166,-3.691986322402954,-2.752950429916382
1764574146.524,3.3251326084136963,3.0940332412719727,1.9952244758605957,-0.08350493758916855,2.281808853149414,2.316033363342285,2.426253080368042,-2.769369602203369
1764574146.528,1.9368433952331543,4.19327449798584,3.2332143783569336,4.3319902420043945,4.510659217834473,-1.094494342803955,-0.9530261754989624,1.213320255279541
1764574146.539,3.2425506114959717,5.585519313812256,3.2569708824157715,4.236966133117676,-4.5021162033081055,-1.413283109664917,0.8611003160476685,0.7234115600585938
1764574146.543,4.577035903930664,7.246953010559082,6.187740802764893,10.138317108154297,-0.504772424697876,-2.2755987644195557,0.42615222930908203,1.9581634998321533
1764574146.547,6.486966609954834,10.848984718322754,7.984116077423096,8.015632629394531,-1.165987491607666,-1.1978051662445068,-3.082043409347534,-2.687286138534546
1764574146.551,8.389055252075195,11.542469024658203,8.784162521362305,8.11733627319336,-3.3060050010681152,-2.937514066696167,0.17552180588245392,1.2029386758804321
1764574146.555,7.824242115020752,11.596363067626953,6.036746025085449,7.205567836761475,-0.576767086982727,-2.004654884338379,2.7755844593048096,-3.628732681274414
1764574146.559,11.575993537902832,11.505226135253906,8.59266471862793,10.91582202911377,-2.0704803466796875,-3.7248899936676025,-2.1948442459106445,1.6492962837219238
1764574146.563,13.349701881408691,8.9631986618042,4.595564365386963,8.992701530456543,-0.6886700391769409,1.9231443405151367,0.622655987739563,0.6065484285354614
1764574146.567,7.348881244659424,6.020961761474609,8.768840789794922,6.030235290527344,-0.9823657274246216,0.8565438389778137,-0.6451853513717651,-2.845197916030884
1764574146.571,6.188612937927246,3.768606424331665,1.410703420639038,5.1367998123168945,1.639906644821167,-0.07744594663381577,1.7739508152008057,-2.625910520553589
1764574146.575,2.188443660736084,-0.9343386888504028,2.874570608139038,1.4868693351745605,2.7858388423919678,1.498342752456665,-2.012247085571289,-2.378077268600464
1764574146.586,4.642549991607666,4.777256965637207,4.101314067840576,2.090695381164551,-1.7725937366485596,1.1160008907318115,-2.8171584606170654,2.365748643875122
1764574146.590,1.503566026687622,1.5142793655395508,2.443218231201172,0.7907947897911072,-1.719129204750061,4.156217575073242,0.7539790868759155,0.7639726996421814
1764574146.594,-3.7738900184631348,0.18175308406352997,-3.6571993827819824,0.37874215841293335,0.5688769221305847,0.5960941314697266,-0.21078252792358398,-1.1213725805282593
1764574146.598,0.9608432650566101,-4.221789836883545,-3.5051417350769043,-3.0231926441192627,1.5093165636062622,2.4332475662231445,-2.429960250854492,-1.6061248779296875
1764574146.602,-5.071782112121582,-6.478106498718262,-6.174661159515381,-2.1162664890289307,0.48694729804992676,-2.959763288497925,2.281970739364624,-1.9123250246047974
1764574146.606,-8.272109031677246,-11.716191291809082,-5.910196304321289,-8.965633392333984,2.5740857124328613,-0.09978505969047546,2.2395496368408203,-1.187163233757019
1764574146.610,-9.607927322387695,-6.9967498779296875,-9.323455810546875,-11.569073677062988,-2.1659669876098633,-2.7930853366851807,3.6308302879333496,1.6592471599578857
1764574146.614,-11.002232551574707,-9.612082481384277,-9.816835403442383,-8.132448196411133,1.7311869859695435,0.31248927116394043,2.3333609104156494,-3.6180155277252197
1764574146.618,-13.243263244628906,-9.117863655090332,-15.366409301757812,-7.721040725708008,-0.3236638605594635,-1.7454826831817627,0.44745561480522156,-0.14716209471225739
1764574146.622,-8.500554084777832,-9.658857345581055,-10.71780776977539,-8.841954231262207,0.16492970287799835,-1.7349120378494263,-2.5973265171051025,-1.7397927045822144
1764574146.633,-7.161961078643799,-10.448236465454102,-6.780989170074463,-8.934419631958008,-3.4279284477233887,4.741246700286865,-0.2859285771846771,-1.8263102769851685
1764574146.637,-8.057622909545898,-11.162491798400879,-8.458147048950195,-5.5803985595703125,-0.7115756869316101,0.5378865003585815,1.1751646995544434,2.339641571044922
1764574146.641,-6.5976080894470215,-7.406657695770264,-6.110273838043213,-7.606853008270264,-1.2188507318496704,-1.090911626815796,0.4431340992450714,0.44398075342178345
1764574146.645,-6.309771537780762,-1.7176650762557983,-4.236289024353027,-3.796837091445923,1.3901206254959106,-1.3349941968917847,-0.05782225728034973,2.754298686981201
1764574146.649,-2.968740701675415,-1.5456128120422363,-4.592700481414795,-1.232353687286377,-2.821920871734619,-0.8659220933914185,2.5601184368133545,1.8543835878372192
1764574146.653,0.6912026405334473,0.4902424216270447,2.432567596435547,-0.4609411060810089,-2.8592066764831543,-1.4573283195495605,2.6778087615966797,-2.166882038116455
1764574146.657,4.539286136627197,1.2279167175292969,-0.7127254605293274,3.3606245517730713,-0.46728241443634033,-2.0204617977142334,-0.45552483201026917,2.4042036533355713
1764574146.661,7.774350643157959,2.187082529067993,1.8690400123596191,0.651775598526001,-0.8604269027709961,0.9822632670402527,1.0076887607574463,-1.0150202512741089
1764574146.665,7.193057060241699,7.861656665802002,6.486515045166016,5.173735618591309,3.1950106620788574,-3.446532964706421,0.13509036600589752,-0.6097942590713501
1764574146.669,10.679119110107422,9.271320343017578,8.075114250183105,8.988285064697266,-4.2008514404296875,-2.809465169906616,-0.23991894721984863,-2.968646764755249
1764574146.680,10.700238227844238,9.9766206741333,5.852932929992676,6.018115520477295,-1.1543577909469604,-1.262946367263794,1.0437120199203491,-0.5268955826759338
1764574146.684,10.881108283996582,12.041011810302734,9.733797073364258,7.653153419494629,-2.93707275390625,3.500615358352661,2.062528610229492,1.1571662425994873
1764574146.688,8.994384765625,8.180856704711914,9.976921081542969,11.383119583129883,-3.7826743125915527,-1.0403015613555908,-2.7872889041900635,-2.6701982021331787
1764574146.692,11.625922203063965,10.756999015808105,11.744207382202148,9.5120210647583,3.0188841819763184,-3.0865187644958496,-1.4770679473876953,0.8627406358718872
1764574146.696,10.415258407592773,11.034526824951172,6.998365879058838,5.143148422241211,-0.6615646481513977,1.4696508646011353,-2.973810911178589,-0.7055299878120422
1764574146.700,11.62378978729248,8.401790618896484,3.8248610496520996,8.071260452270508,-0.7552360892295837,-3.649947166442871,1.7949082851409912,1.9027409553527832
1764574146.704,4.410380840301514,3.79647159576416,4.133100986480713,3.976375102996826,0.8107752203941345,-1.3531920909881592,-2.886547088623047,-1.4457827806472778
1764574146.708,3.3927674293518066,3.892813205718994,3.7014412879943848,2.522172451019287,-0.43560534715652466,0.28204986453056335,0.39923545718193054,-1.7846449613571167
1764574146.712,2.7227721214294434,2.141871690750122,-1.1024651527404785,3.4255828857421875,-0.9119466543197632,-1.4764460325241089,1.3461607694625854,-2.8015027046203613
1764574146.716,-3.0794405937194824,-2.9522957801818848,0.250715970993042,-3.3618874549865723,0.682951033115387,-2.1507039070129395,0.6776803731918335,-3.286776304244995
1764574146.727,0.6655540466308594,0.41770875453948975,-1.0117172002792358,-0.3988821506500244,1.0803557634353638,-2.5021347999572754,0.4606431722640991,-0.04558999091386795
1764574146.731,-4.188546180725098,-7.485933303833008,-3.434096336364746,-6.73552942276001,0.9293394684791565,1.1828110218048096,2.309175968170166,-0.37212496995925903
1764574146.735,-5.635797500610352,-5.984136581420898,-7.7718305587768555,-8.411697387695312,2.5650694370269775,2.415989875793457,-0.7830010056495667,-1.1800588369369507
1764574146.739,-7.702629089355469,-7.947093963623047,-7.226079940795898,-8.385479927062988,0.4123017191886902,-2.5813686847686768,-0.7850175499916077,1.5975230932235718
1764574146.743,-10.62448787689209,-9.416461944580078,-4.708198547363281,-12.174880981445312,1.5658180713653564,1.4582120180130005,-0.0396890789270401,1.1099555492401123
1764574146.747,-11.72821044921875,-10.911200523376465,-7.998635768890381,-7.981237888336182,-2.8345274925231934,-2.868285894393921,0.6378803253173828,2.297203779220581
1764574146.751,-13.085328102111816,-8.020234107971191,-6.198146820068359,-8.245993614196777,2.169322967529297,1.5759657621383667,-0.19580553472042084,-4.273844242095947
1764574146.755,-9.986104011535645,-10.343772888183594,-7.825838088989258,-9.570661544799805,-2.454979419708252,-0.24130888283252716,-1.9198939800262451,1.302893877029419
1764574146.759,-9.79878044128418,-6.766955852508545,-4.278024196624756,-8.918072700500488,-1.79153573513031,-0.36556485295295715,3.4211180210113525,-3.478480339050293
1764574146.763,-7.027048587799072,-4.69154167175293,-8.025653839111328,-0.7748300433158875,-0.8615168333053589,-0.9496744871139526,1.5085868835449219,-0.2386569380760193
1764574146.774,-4.967883110046387,-9.80936050415039,-4.454451084136963,-8.468971252441406,2.465148687362671,-1.7388254404067993,1.5035392045974731,0.10866489261388779
1764574146.778,-3.8027944564819336,-3.324068307876587,-3.7731199264526367,-2.9691500663757324,4.403977394104004,3.294724941253662,0.048347339034080505,-0.1370215266942978
1764574146.782,-2.5937600135803223,-0.2729337811470032,-4.747246265411377,-2.797832727432251,0.44942641258239746,-2.0850210189819336,1.4429774284362793,1.2608256340026855
1764574146.786,-2.0383224487304688,-0.12685218453407288,-0.5527965426445007,2.174734354019165,-1.0681226253509521,0.19424653053283691,-2.1291589736938477,-3.641008138656616
1764574146.790,5.27910041809082,1.356854796409607,1.2609425783157349,2.8800840377807617,4.836099147796631,-0.6112644076347351,0.013800038024783134,0.748203694820404
1764574146.794,4.858063220977783,6.400759220123291,8.656181335449219,6.156344890594482,2.9823646545410156,1.7572846412658691,-1.2934316396713257,0.16098777949810028
1764574146.798,5.438222885131836,4.1488037109375,9.039453506469727,5.870428085327148,2.156949758529663,2.01263165473938,-2.507974863052368,-0.8656403422355652
1764574146.802,7.336114883422852,7.927706241607666,8.537006378173828,8.00142765045166,2.2872676849365234,-1.4406641721725464,-1.8073301315307617,1.2618650197982788
1764574146.806,8.850295066833496,10.47007942199707,13.650537490844727,10.406675338745117,-3.4825332164764404,-3.9366543292999268,0.5307205319404602,-0.20956841111183167
1764574146.810,8.708415985107422,8.49782943725586,8.718371391296387,8.80290412902832,-1.5521600246429443,0.7673873901367188,-0.05136234313249588,0.1944875866174698
1764574146.822,11.420646667480469,11.028410911560059,10.510089874267578,14.079607009887695,-1.537009358406067,0.19633755087852478,2.206475257873535,2.0155773162841797
1764574146.826,8.938408851623535,8.017578125,9.834696769714355,9.685967445373535,1.970788598060608,-4.765061855316162,-0.7148784399032593,-2.9054360389709473
1764574146.830,10.197181701660156,7.1111674308776855,8.959661483764648,5.9963507652282715,1.0526419878005981,2.1128218173980713,0.8683270812034607,0.027597472071647644
1764574146.834,4.815005302429199,6.639577865600586,4.127613544464111,2.417802095413208,3.714245080947876,-0.539742112159729,2.163752794265747,-1.4051322937011719
1764574146.838,4.607058048248291,7.287655830383301,6.136956691741943,1.887054204940796,-1.2750649452209473,0.6546463966369629,0.24306349456310272,-0.04315687343478203
1764574146.842,3.1685285568237305,11.117518424987793,3.271327495574951,1.708940029144287,0.012037151493132114,0.7604705095291138,-1.5165290832519531,-2.615978479385376
1764574146.846,3.6986703872680664,-0.09262760728597641,2.0261828899383545,1.902999758720398,0.07178022712469101,1.7072560787200928,2.874871253967285,0.7427393198013306
1764574146.850,-5.427217483520508,-2.061633825302124,-3.5320796966552734,-0.3587934970855713,0.8424497842788696,-3.213406562805176,-0.33253002166748047,2.3934483528137207
1764574146.854,-5.086128234863281,-2.9481327533721924,-4.770913124084473,-3.74161434173584,-1.7309173345565796,2.807249069213867,1.4339838027954102,-0.6179899573326111
1764574146.858,-6.82304048538208,-5.029022216796875,-7.667283535003662,-7.744216442108154,0.8472227454185486,-2.7976794242858887,2.664055824279785,1.5011881589889526
1764574146.868,-6.843659400939941,-2.6128997802734375,-6.084815502166748,-9.558675765991211,-0.4800451993942261,0.9300623536109924,-0.1849755197763443,-2.592794418334961
1764574146.872,-5.40349817276001,-8.094776153564453,-9.043378829956055,-7.371354103088379,-0.2796744406223297,1.0093183517456055,-1.4063584804534912,-2.003483295440674
1764574146.876,-8.063312530517578,-12.405465126037598,-11.953640937805176,-8.337298393249512,2.80684494972229,-3.0645124912261963,-0.5150620341300964,-2.352214813232422
1764574146.880,-10.419894218444824,-11.1422700881958,-13.578975677490234,-9.5191650390625,-0.40556323528289795,-3.3735690116882324,0.03170264512300491,0.6874622106552124
1764574146.884,-9.748651504516602,-10.565837860107422,-7.148281574249268,-11.033157348632812,0.5677749514579773,-0.31198450922966003,-0.6896551251411438,-2.150543451309204
1764574146.888,-11.621156692504883,-8.015350341796875,-7.041440010070801,-8.639791488647461,2.6488776206970215,0.39743873476982117,-1.4083038568496704,0.7238198518753052
1764574146.892,-8.34213638305664,-9.749345779418945,-11.1065673828125,-8.719562530517578,2.3350768089294434,0.43153226375579834,-1.9921444654464722,-0.9273176789283752
1764574146.896,-9.53232192993164,-7.866262912750244,-7.413371562957764,-0.9575468897819519,-2.650805950164795,-1.852613925933838,-1.2328308820724487,1.4563716650009155
1764574146.900,-3.4630086421966553,-6.884435176849365,-7.066123008728027,-2.8009631633758545,0.1116151437163353,1.0538101196289062,3.583595037460327,1.4378161430358887
1764574146.904,-4.129693031311035,-3.3204381465911865,-2.133758068084717,-0.6223031878471375,0.46979814767837524,-3.962247848510742,2.1297812461853027,-0.21540528535842896
1764574146.914,-2.2462329864501953,-4.663531303405762,-1.5087823867797852,0.2089824378490448,-0.7536210417747498,-0.016017941758036613,2.8609888553619385,-1.884562611579895
1764574146.918,-0.6749312281608582,0.7597950100898743,-0.45162075757980347,-1.3010225296020508,3.1357955932617188,1.1870944499969482,0.5276558995246887,1.9290030002593994
1764574146.922,0.8791043758392334,2.2775449752807617,2.0537617206573486,1.8418115377426147,-2.5468525886535645,2.204396963119507,0.11865364015102386,-3.204869270324707
1764574146.926,2.069406032562256,3.0308871269226074,1.918192982673645,1.1147609949111938,0.18938422203063965,3.998504638671875,-1.9478421211242676,1.9640114307403564
1764574146.930,7.0387864112854,7.179854393005371,5.517785549163818,5.704592227935791,-0.7333216667175293,0.421284019947052,0.2964116632938385,0.5779081583023071
1764574146.934,5.221939563751221,8.355535507202148,6.906988620758057,7.3889288902282715,0.195695161819458,3.3380508422851562,2.0461230278015137,-0.11156276613473892
1764574146.938,7.6549296379089355,10.461652755737305,13.00987434387207,10.533160209655762,0.22424520552158356,-1.64955472946167,0.1281682699918747,0.16281414031982422
1764574146.942,10.830695152282715,8.378401756286621,10.6403226852417,11.416799545288086,-2.646296977996826,0.779110312461853,-3.0852975845336914,3.8232951164245605
1764574146.946,11.730706214904785,10.246869087219238,9.912830352783203,5.500087738037109,-2.7516634464263916,-1.1471354961395264,-3.479929208755493,1.51303231716156
1764574146.950,6.721423625946045,7.89631986618042,8.803406715393066,10.428190231323242,-1.6447474956512451,1.7455228567123413,-2.087090253829956,-0.601378858089447
1764574146.962,9.901834487915039,12.10777759552002,5.153285980224609,11.352712631225586,1.0501716136932373,-2.6925134658813477,1.0998800992965698,-0.15636087954044342
1764574146.966,11.15628433227539,9.7426118850708,5.832075595855713,3.7244958877563477,2.9485042095184326,-1.4774342775344849,-0.5785040259361267,0.756457507610321
1764574146.970,3.798614501953125,6.869569778442383,7.221173286437988,2.654979705810547,-2.706876516342163,1.9695720672607422,-1.3500629663467407,-1.106958270072937
1764574146.974,2.350285530090332,5.789982318878174,6.123932838439941,2.911597967147827,0.950236439704895,1.9891729354858398,0.02355038747191429,-2.0909037590026855
1764574146.978,2.7516794204711914,0.6651943922042847,6.2972636222839355,0.3974851071834564,1.3701119422912598,-1.8592727184295654,1.3931678533554077,-0.18697194755077362
1764574146.982,-2.5025222301483154,-1.5175663232803345,-0.34006667137145996,-1.774427056312561,-1.361403465270996,-0.11658213287591934,1.5482022762298584,2.190748453140259
1764574146.986,-5.277336120605469,-2.4374542236328125,-2.2810637950897217,-4.179179668426514,-4.155539512634277,0.48552072048187256,2.2748053073883057,-0.7070053219795227
1764574146.990,-5.997280597686768,-4.88271427154541,-4.83987283706665,-7.008420467376709,0.30913519859313965,-0.14678238332271576,0.8381098508834839,-0.9277908205986023
1764574146.994,-4.087766170501709,-7.296239852905273,-4.951200485229492,-4.8874921798706055,1.6527942419052124,-3.137294054031372,-0.0890650600194931,1.3599803447723389
1764574146.998,-8.92815113067627,-8.234517097473145,-9.079031944274902,-6.568233489990234,-4.695865631103516,-1.6493628025054932,3.111649990081787,3.1816658973693848
1764574147.009,-8.311880111694336,-10.778779029846191,-9.938318252563477,-7.302517890930176,-3.244832754135132,-2.606266975402832,0.9087114930152893,-2.7442166805267334
1764574147.013,-9.827789306640625,-8.753677368164062,-9.170585632324219,-10.41425895690918,2.880380392074585,0.32153716683387756,-4.115795612335205,2.4360263347625732
1764574147.017,-9.389751434326172,-9.263177871704102,-9.583206176757812,-10.397232055664062,0.10455142706632614,-0.15302881598472595,-0.8728516697883606,0.2491578906774521
1764574147.021,-8.008650779724121,-6.000492572784424,-10.917130470275879,-8.28468132019043,2.2737631797790527,-2.2863757610321045,-0.06261377036571503,2.6401214599609375
1764574147.025,-11.838199615478516,-9.95228385925293,-7.404417514801025,-7.584525108337402,-0.7929156422615051,-1.9962167739868164,-5.466485500335693,2.2121481895446777
1764574147.029,-3.0984671115875244,-8.437758445739746,-8.895007133483887,-8.788220405578613,-2.671902894973755,1.8998603820800781,4.453177452087402,-2.289415121078491
1764574147.033,-7.29052209854126,-6.457005500793457,-3.2800614833831787,-3.5715551376342773,-0.23439684510231018,0.8179925680160522,-1.271802306175232,-0.41187193989753723
1764574147.037,-0.811312735080719,-1.7269426584243774,-1.0087449550628662,-1.2545193433761597,2.6727426052093506,0.553757905960083,4.973409652709961,0.15133675932884216
1764574147.041,-1.2127020359039307,2.277313470840454,-2.575761079788208,0.13814130425453186,0.445603609085083,-1.6112477779388428,1.1847734451293945,0.13760295510292053
1764574147.045,4.2811994552612305,1.708234190940857,4.541338920593262,2.603538990020752,1.6303985118865967,-0.6993619799613953,-1.3115419149398804,-0.40886735916137695
1764574147.055,3.998605251312256,0.9705362319946289,-1.701352834701538,1.472008228302002,-0.3599737882614136,2.1011667251586914,-4.133594989776611,0.5201334953308105
1764574147.059,5.367597579956055,5.132262706756592,6.4113945960998535,0.932783842086792,-3.6359803676605225,3.6859424114227295,0.03595192730426788,2.9627368450164795
1764574147.063,9.710173606872559,6.058150768280029,6.991769313812256,4.483180522918701,1.4784255027770996,0.6380177140235901,0.4145425260066986,-2.778733015060425
1764574147.067,9.84398365020752,8.92675495147705,9.915816307067871,12.068936347961426,-4.981330871582031,-0.9190033674240112,2.6446080207824707,-2.5084667205810547
1764574147.071,9.296608924865723,10.65530014038086,7.340494155883789,14.983771324157715,2.4011528491973877,-2.2898993492126465,1.0112996101379395,2.546050786972046
1764574147.075,11.933977127075195,10.519906044006348,9.04715633392334,10.416861534118652,3.0660855770111084,-1.2388545274734497,-0.6728552579879761,2.1722397804260254
1764574147.079,8.231770515441895,9.421833038330078,6.042961597442627,11.803624153137207,1.285535454750061,-2.21871018409729,-0.7066274285316467,0.4473075270652771
1764574147.083,10.960421562194824,6.166224956512451,12.943506240844727,10.309001922607422,2.667919635772705,-0.21621502935886383,0.35909131169319153,0.8575429916381836
1764574147.087,8.172330856323242,3.5520224571228027,9.713927268981934,8.555787086486816,-2.0916664600372314,2.4139466285705566,0.39435499906539917,2.0145106315612793
1764574147.091,7.62416934967041,9.440729141235352,6.195190906524658,3.1531903743743896,0.9468856453895569,1.3640809059143066,0.48578086495399475,0.7872617244720459
1764574147.103,6.740436553955078,4.814553737640381,6.900763988494873,6.186711311340332,3.2428438663482666,-0.40307101607322693,3.173386812210083,3.3183062076568604
1764574147.107,-2.332174777984619,6.157953262329102,4.816628932952881,4.078855037689209,0.7259497046470642,-0.06091196835041046,-1.5393513441085815,2.7921743392944336
1764574147.111,2.613999843597412,1.9438292980194092,1.6689082384109497,-2.2202982902526855,3.783068895339966,1.986931324005127,-4.103662490844727,0.003545120358467102
1764574147.115,-4.121249675750732,-4.595366954803467,0.21698762476444244,-1.751490831375122,3.200352430343628,0.016447413712739944,1.0379443168640137,-0.5674411654472351
1764574147.119,-6.2998833656311035,-4.19273567199707,-3.5375866889953613,-3.9704976081848145,-1.2199891805648804,5.788466453552246,0.5629209280014038,-0.7170423865318298
1764574147.123,-5.5437116622924805,-2.2856876850128174,-6.713145732879639,-7.4922685623168945,-2.6341233253479004,1.9563243389129639,2.6491360664367676,3.3156673908233643
1764574147.127,-10.28434944152832,-4.953919887542725,-4.514807224273682,-7.163668632507324,-1.4196407794952393,-0.462382435798645,-0.3099024295806885,0.05552626773715019
1764574147.131,-8.537568092346191,-12.743782043457031,-10.600021362304688,-9.191571235656738,-2.1141929626464844,-1.1227885484695435,1.2481391429901123,-1.5777511596679688
1764574147.135,-9.541238784790039,-6.988577842712402,-10.768120765686035,-10.20363712310791,0.2328757345676422,-0.5267817378044128,-1.3127189874649048,-1.9464683532714844
1764574147.139,-10.00308609008789,-11.015507698059082,-10.392969131469727,-8.710021018981934,-1.1143962144851685,-0.11727950721979141,-2.070443630218506,0.31612780690193176
1764574147.149,-10.426763534545898,-6.779428005218506,-11.15524959564209,-9.559645652770996,1.7094132900238037,-0.0650201216340065,0.19267302751541138,-1.4406359195709229
1764574147.153,-9.634407043457031,-12.036172866821289,-9.228702545166016,-8.1991605758667,-0.40643101930618286,-0.6962273120880127,1.092449426651001,-2.876119613647461
1764574147.157,-6.7894368171691895,-10.151773452758789,-7.635279178619385,-9.601714134216309,-2.9756271839141846,-2.486722707748413,3.139861822128296,-2.24892258644104
1764574147.161,-6.321411609649658,-6.48998498916626,-8.616555213928223,-5.989608287811279,-3.078404188156128,0.6627416014671326,1.1700682640075684,2.1433165073394775
1764574147.165,-4.400893688201904,-8.235434532165527,-2.8803343772888184,-7.342051029205322,-1.4550048112869263,2.168696403503418,0.124165840446949,-1.028924584388733
1764574147.169,-0.3486268222332001,1.6033639907836914,-3.6213672161102295,-3.555485248565674,2.9803693294525146,0.2614412009716034,3.549786329269409,0.7162362933158875
1764574147.173,0.4321155846118927,2.6663079261779785,3.906489372253418,-2.6261510848999023,0.7994567155838013,-1.5045639276504517,-0.214718759059906,3.1690478324890137
1764574147.177,-1.1515246629714966,4.244347095489502,-1.1664193868637085,1.9637118577957153,-2.0005300045013428,-4.464404582977295,0.1726960390806198,-1.2796664237976074
1764574147.181,6.4438629150390625,8.101234436035156,0.7913359999656677,5.996917247772217,1.580514669418335,-1.2614550590515137,1.3336294889450073,2.8253612518310547
1764574147.185,5.823479652404785,6.595150947570801,7.468892574310303,9.275375366210938,-1.5901604890823364,-1.3209805488586426,-0.4838559329509735,2.655228853225708
1764574147.197,6.98402738571167,6.467376232147217,5.4308905601501465,5.987547397613525,2.711848497390747,1.8905911445617676,-0.2740097641944885,0.9176729321479797
1764574147.201,10.210124969482422,9.706132888793945,6.920585632324219,10.348837852478027,0.8840555548667908,0.6592205762863159,-1.229833960533142,4.983006000518799
1764574147.205,9.50928020477295,6.9479570388793945,10.861422538757324,7.249960422515869,-1.3225247859954834,1.8821150064468384,3.0107223987579346,3.1523382663726807
1764574147.209,13.496763229370117,11.082830429077148,11.28012466430664,9.92017936706543,-3.3764090538024902,2.661198616027832,3.758476972579956,1.4346038103103638
1764574147.213,10.286178588867188,10.247507095336914,8.670087814331055,11.851943969726562,0.2398904263973236,2.3120133876800537,1.4453595876693726,0.10664620995521545
1764574147.217,10.806306838989258,5.996338367462158,7.92214298248291,6.981870651245117,-0.4682241380214691,4.926130294799805,1.4750818014144897,-0.2995900809764862
1764574147.221,8.799457550048828,5.831385612487793,6.817935466766357,7.986912250518799,2.2815463542938232,-4.276215553283691,1.8294634819030762,1.5740019083023071
1764574147.225,6.335407733917236,6.073269844055176,4.692996501922607,5.193004608154297,-0.37503811717033386,-1.8934191465377808,1.4108762741088867,3.210939884185791
1764574147.229,2.7793214321136475,5.063526630401611,5.854666709899902,4.192220211029053,1.418721318244934,0.994176983833313,-0.918342113494873,-0.557770848274231
1764574147.233,2.9575753211975098,-0.9119171500205994,-0.613494873046875,-0.2695148289203644,-4.1090850830078125,0.17572163045406342,1.2106131315231323,-3.3921756744384766
1764574147.244,2.4537360668182373,-0.7892634868621826,0.8525492548942566,3.7419209480285645,1.7777361869812012,0.7797768712043762,4.600436210632324,0.9271180629730225
1764574147.248,-0.09937258809804916,-2.2809903621673584,-1.4323904514312744,-2.5777535438537598,-1.6613268852233887,-0.23886626958847046,1.215319275856018,-1.2831807136535645
1764574147.252,-4.241550445556641,-4.798341274261475,-3.6599345207214355,-2.0842390060424805,-1.0092955827713013,-0.04220176115632057,-2.6048059463500977,-2.4914166927337646
1764574147.256,-5.351256847381592,-5.561790466308594,-9.711898803710938,-5.60072135925293,2.568272113800049,-0.5520351529121399,1.0175442695617676,1.4005838632583618
1764574147.260,-6.904529571533203,-6.048120975494385,-9.43373966217041,-6.578607082366943,-0.24973224103450775,-0.7689820528030396,-1.9840257167816162,0.4208148717880249
1764574147.264,-9.965773582458496,-8.941753387451172,-9.61130142211914,-6.6652679443359375,0.06699283421039581,-3.6520895957946777,1.2025935649871826,1.9171093702316284
1764574147.268,-9.043100357055664,-10.936107635498047,-9.9487886428833,-11.672090530395508,-2.5764358043670654,-2.0317111015319824,-0.49250155687332153,1.8727129697799683
1764574147.272,-12.155784606933594,-5.777981281280518,-11.602218627929688,-10.553504943847656,-4.408561706542969,-0.26353010535240173,2.2765533924102783,0.8636505007743835
1764574147.276,-9.601606369018555,-8.996065139770508,-10.187073707580566,-11.07951545715332,-1.232111930847168,-2.5796823501586914,-0.6657950282096863,0.8425422310829163
1764574147.280,-7.239339351654053,-9.25239372253418,-6.695570468902588,-8.010435104370117,-6.719856262207031,-1.3006490468978882,-4.151166915893555,-4.8607707023620605
1764574147.293,-11.822282791137695,-7.814821243286133,-10.729500770568848,-11.445513725280762,1.7688288688659668,1.207831859588623,2.0086655616760254,3.117525815963745
1764574147.297,-8.378182411193848,-8.742416381835938,-3.4477148056030273,-5.531285285949707,0.5811682343482971,-1.0005239248275757,0.03437890484929085,1.1451656818389893
1764574147.301,-8.141253471374512,-0.7807073593139648,-4.846926212310791,-1.4383679628372192,1.3366702795028687,-0.4229883849620819,-0.9090124368667603,-2.4451675415039062
1764574147.305,-1.9130109548568726,0.2546556890010834,-3.3063299655914307,-0.27590617537498474,2.621605396270752,1.5138065814971924,0.44922342896461487,-3.709714651107788
1764574147.309,-0.16190162301063538,4.366180896759033,-0.4516850411891937,-0.8867157697677612,1.1784541606903076,0.7869887948036194,0.3827429711818695,-0.888409435749054
1764574147.313,5.12163782119751,4.067504405975342,2.8574576377868652,3.935407876968384,0.2411908507347107,2.462394952774048,0.6815468668937683,0.023603761568665504
1764574147.317,5.002902030944824,6.995185852050781,3.1187245845794678,10.755725860595703,-1.1312240362167358,1.680145502090454,4.1849751472473145,0.7837287187576294
1764574147.321,8.770185470581055,9.311373710632324,8.366141319274902,6.389760494232178,0.9668222665786743,0.34856271743774414,0.1353958398103714,0.5852174162864685
1764574147.325,7.467951774597168,8.84451961517334,7.624044418334961,5.5201029777526855,3.0093753337860107,0.187036395072937,-0.8806337714195251,0.8029654622077942
1764574147.329,9.509754180908203,11.299638748168945,10.753323554992676,8.865520477294922,-1.2072858810424805,-2.0386061668395996,1.322802186012268,-0.9133368134498596
1764574147.339,8.603826522827148,8.46243667602539,8.36538314819336,9.362476348876953,6.488201141357422,-3.952719211578369,-1.742004632949829,-3.2742016315460205
1764574147.343,9.579203605651855,11.847382545471191,10.89894962310791,9.314512252807617,1.6766496896743774,-1.416365146636963,1.0539257526397705,2.698798894882202
1764574147.347,8.060385704040527,9.844084739685059,10.07062816619873,8.81451416015625,3.2575063705444336,1.9792200326919556,-0.8526219129562378,-0.31132420897483826
1764574147.351,9.092338562011719,8.237398147583008,11.823700904846191,10.853700637817383,-1.9397907257080078,-0.7865898013114929,4.668254375457764,-0.27815937995910645
1764574147.355,5.054682731628418,8.255594253540039,8.741711616516113,9.266151428222656,2.6826703548431396,-3.4615976810455322,-1.5733104944229126,2.591647148132324
1764574147.359,6.655588150024414,5.17881965637207,2.6635842323303223,5.3602705001831055,-2.996821403503418,-0.481707900762558,-1.826326847076416,-0.39419206976890564
1764574147.363,2.5640273094177246,4.714008331298828,1.0520610809326172,3.3124420642852783,0.5027943253517151,1.030676245689392,-0.7681307792663574,-1.1461186408996582
1764574147.367,-1.0548897981643677,-1.1541060209274292,1.5852056741714478,3.521860122680664,1.0544699430465698,1.1301602125167847,1.8085088729858398,-4.957066535949707
1764574147.371,-2.467609167098999,-1.319309115409851,-6.285406112670898,-1.1264749765396118,-1.3613885641098022,3.167933702468872,-0.5097931027412415,-2.8524906635284424
1764574147.375,-4.701630592346191,-7.383908271789551,-3.829284906387329,-3.609703302383423,-0.29815027117729187,-0.1599670946598053,-0.18973033130168915,-1.4194270372390747
1764574147.386,-3.6850664615631104,-0.18271256983280182,-3.5521435737609863,-7.216883182525635,1.9817620515823364,1.8267061710357666,4.7421746253967285,0.27167636156082153
1764574147.390,-4.468289375305176,-6.043120861053467,-7.141648292541504,-6.412810325622559,3.6351511478424072,-0.10276055335998535,3.911790609359741,-1.4955852031707764
1764574147.394,-7.60333251953125,-7.223781108856201,-6.306551933288574,-8.015105247497559,0.8488240242004395,-0.2733463644981384,3.9528439044952393,0.11062067002058029
1764574147.398,-9.277929306030273,-7.333388328552246,-8.297669410705566,-9.05803394317627,-1.9456127882003784,0.540927529335022,1.2622894048690796,-5.702093601226807
1764574147.402,-10.119678497314453,-8.668049812316895,-12.435647010803223,-8.67866039276123,2.375934600830078,1.7413886785507202,2.981367588043213,3.6113085746765137
1764574147.406,-8.927789688110352,-7.978794097900391,-10.22916316986084,-9.225720405578613,-3.0414419174194336,0.22910211980342865,-1.3186763525009155,-0.5572136044502258
1764574147.410,-5.8694634437561035,-8.770795822143555,-8.436211585998535,-10.31281852722168,3.5296802520751953,-0.2194513976573944,0.49739834666252136,-2.056201457977295
1764574147.414,-11.62987232208252,-6.528231620788574,-6.887069225311279,-6.780478000640869,-1.0550282001495361,0.2899245619773865,0.6131144762039185,-0.5135511755943298
1764574147.418,-7.960536003112793,-6.273016929626465,-6.231888294219971,-6.872801780700684,1.3875033855438232,0.3176197111606598,0.13201963901519775,-1.8667004108428955
1764574147.422,-4.138678073883057,-4.106602191925049,-1.723665714263916,-4.700545787811279,2.694523334503174,-0.7395821213722229,0.31481024622917175,2.449763059616089
1764574147.433,-6.033080577850342,-5.727079391479492,-1.9058308601379395,-4.528696060180664,-1.009690761566162,-1.281752109527588,-1.3452919721603394,1.3886362314224243
1764574147.437,-2.8531811237335205,-0.3719247877597809,-5.651433944702148,-1.5491505861282349,-0.9102137088775635,2.035430431365967,0.10758435726165771,-0.7058287262916565
1764574147.441,0.03218306601047516,0.6313809156417847,2.1096153259277344,0.16995535790920258,-0.8510463833808899,-0.5627137422561646,-0.7721866965293884,-1.4863860607147217
1764574147.445,3.7383346557617188,0.5481371283531189,0.3529093265533447,1.665501594543457,1.6351304054260254,-1.0162020921707153,-0.6441847681999207,1.1364214420318604
1764574147.449,4.981204032897949,5.151712894439697,4.354501724243164,2.1494040489196777,4.25460147857666,3.8359851837158203,-0.6032395362854004,-1.1389148235321045
1764574147.453,9.788199424743652,6.170399188995361,4.844770908355713,10.481175422668457,-2.9997708797454834,3.2519125938415527,3.7389445304870605,-1.6396796703338623
1764574147.457,6.115124225616455,8.254743576049805,6.281598091125488,10.83788013458252,4.821042060852051,-1.1439428329467773,-0.8927382826805115,0.19466111063957214
1764574147.461,6.927435398101807,6.068638801574707,9.15659236907959,10.736895561218262,1.0642958879470825,0.613947868347168,-1.213883876800537,-2.212711811065674
1764574147.465,7.279367446899414,9.09051513671875,13.593724250793457,9.026240348815918,1.4550265073776245,0.028121333569288254,-0.6279474496841431,0.04746714606881142
1764574147.469,11.465322494506836,8.55498218536377,10.766854286193848,11.072259902954102,-1.6924818754196167,0.24151994287967682,-1.241327166557312,3.0708796977996826
1764574147.480,13.47369384765625,7.607864856719971,11.630779266357422,8.744954109191895,-2.4704928398132324,3.6149260997772217,2.5343713760375977,-4.630801200866699
1764574147.484,7.797534942626953,8.043720245361328,9.759645462036133,9.84499740600586,-0.39468371868133545,-2.3108315467834473,0.5381254553794861,-0.12850318849086761
1764574147.488,6.667386531829834,8.658284187316895,9.358850479125977,8.69351577758789,2.6782631874084473,-1.5101429224014282,-2.23728346824646,0.25320136547088623
1764574147.492,6.80825138092041,8.000118255615234,3.8863134384155273,8.396023750305176,-2.3767471313476562,0.7244871854782104,-0.39862045645713806,0.8212251663208008
1764574147.496,1.5701987743377686,2.0123965740203857,4.132037162780762,1.6723356246948242,-2.4246089458465576,2.3359506130218506,-1.835439920425415,-0.9451999664306641
1764574147.500,-4.312772274017334,3.9675018787384033,0.9658800959587097,-2.138120412826538,-6.456778526306152,1.9005950689315796,-0.4868214428424835,-3.727750539779663
1764574147.504,-0.8282433748245239,-0.6819428205490112,-0.3439182639122009,2.7427914142608643,0.2856868505477905,3.1370301246643066,-2.7473599910736084,-3.5560567378997803
1764574147.508,-1.2828775644302368,-4.190432071685791,-5.100821018218994,-4.606791973114014,0.10734734684228897,-0.43259450793266296,-0.9816648364067078,4.151568412780762
1764574147.512,-7.7952656745910645,-6.292603492736816,-7.3265299797058105,-9.132181167602539,1.719712495803833,-2.584003448486328,0.43139350414276123,-0.5299565196037292
1764574147.516,-8.055768966674805,-7.347005844116211,-8.604312896728516,-4.019725322723389,-2.068006992340088,-0.36413660645484924,-2.0261290073394775,0.8955451846122742
1764574147.528,-9.110186576843262,-8.755854606628418,-10.880030632019043,-9.924368858337402,1.2807300090789795,-0.5068250298500061,-1.9732195138931274,3.2979395389556885
1764574147.532,-6.897542476654053,-9.845858573913574,-6.7709784507751465,-9.381260871887207,-2.444460868835449,-2.1801443099975586,-2.021315097808838,-1.308342456817627
1764574147.536,-11.215997695922852,-13.451547622680664,-12.123010635375977,-8.767498970031738,-0.8847437500953674,-1.0705918073654175,-3.7608964443206787,-1.1483970880508423
1764574147.540,-12.250771522521973,-8.651923179626465,-11.382437705993652,-7.939828872680664,0.779836893081665,-1.295533299446106,2.9807662963867188,-1.7612355947494507
1764574147.544,-7.873923301696777,-8.705422401428223,-9.264423370361328,-12.465935707092285,2.181497812271118,-0.3596741855144501,3.370589256286621,-0.38098040223121643
1764574147.548,-9.058090209960938,-8.191627502441406,-12.545365333557129,-7.502655029296875,-0.8216816186904907,1.1696250438690186,-3.5591201782226562,-1.3312879800796509
1764574147.552,-2.2775633335113525,-8.407586097717285,-4.8989410400390625,-6.651996612548828,-1.3682687282562256,-0.5246826410293579,-1.489804983139038,-1.367334008216858
1764574147.556,-3.48266863822937,-6.144566535949707,-3.7521512508392334,-3.1931517124176025,-2.22452449798584,0.7321949005126953,-0.36510348320007324,-1.0428688526153564
1764574147.560,-1.0005072355270386,-3.8499462604522705,-1.9823859930038452,-3.3479671478271484,-1.4235118627548218,0.48669207096099854,4.033625602722168,-1.6703394651412964
1764574147.564,-0.7304247617721558,-2.8255791664123535,-0.13752256333827972,0.09585639089345932,-0.02795431576669216,0.5994470119476318,-2.293377161026001,-3.5378036499023438
1764574147.576,1.6758835315704346,-2.4593822956085205,1.6605790853500366,-1.665816068649292,1.1581618785858154,0.9978637099266052,-0.25202223658561707,-1.4305380582809448
1764574147.580,4.265376091003418,1.9625073671340942,0.8512764573097229,4.28981351852417,-0.5908217430114746,-0.5550071597099304,0.5116230845451355,-0.4987652897834778
1764574147.584,2.9506678581237793,2.747697591781616,6.632201194763184,6.501211166381836,2.380218267440796,0.3035371005535126,1.0667593479156494,-1.7898743152618408
1764574147.588,5.101231575012207,4.233696460723877,6.817790985107422,11.200753211975098,-3.8929338455200195,-0.43356072902679443,1.3994513750076294,-3.9736757278442383
1764574147.592,7.816648483276367,8.273666381835938,10.28715705871582,11.566797256469727,0.2696298360824585,0.7639197707176208,-1.0215258598327637,1.7987993955612183
1764574147.596,10.90333080291748,10.386213302612305,11.466911315917969,5.601601600646973,2.015637159347534,-1.0406192541122437,0.11233451217412949,0.46254733204841614
1764574147.600,10.597685813903809,7.427766799926758,14.036191940307617,8.923382759094238,-1.6840721368789673,2.3816442489624023,0.17164210975170135,-0.18439525365829468
1764574147.604,14.180607795715332,14.941344261169434,10.79544734954834,9.51529598236084,-0.23371852934360504,1.3658095598220825,-2.6613547801971436,-0.5355521440505981
1764574147.608,5.77127742767334,10.225077629089355,12.239145278930664,8.616515159606934,-2.146610975265503,-2.598884344100952,0.7894030213356018,-2.7852444648742676
1764574147.612,7.2621235847473145,6.174041748046875,6.368265628814697,9.130955696105957,-0.9809444546699524,0.20022664964199066,2.332608938217163,1.3417763710021973
